query_path,nearest_ref_path,nn_lpips
dataset_v3_patches/test/Cable/5_7G_绞花_棉纱_普通样片_JH2023-11_1684992314305_y000.jpg,dataset_v3_patches/train/Cable/__JH2023-5_1678431985670_y146.jpg,0.168708
dataset_v3_patches/test/Cable/5_7G_绞花_棉纱_普通样片_JH2023-11_1684992314305_y073.jpg,dataset_v3_patches/train/Cable/__JH2023-5_1678431985670_y294.jpg,0.162506
dataset_v3_patches/test/Cable/5_7G_绞花_棉纱_普通样片_JH2023-11_1684992314305_y146.jpg,dataset_v3_patches/train/Move/普通样片_5_7G_移针_棉纱_YZ2023-18_1686559851791_y000.jpg,0.153434
dataset_v3_patches/test/Cable/5_7G_绞花_棉纱_普通样片_JH2023-11_1684992314305_y219.jpg,dataset_v3_patches/train/Move/普通样片_5_7G_移针_棉纱_YZ2023-18_1686559851791_y294_aug2.jpg,0.146591
dataset_v3_patches/test/Cable/5_7G_绞花_棉纱_普通样片_JH2023-11_1684992314305_y292.jpg,dataset_v3_patches/train/Move/普通样片_5_7G_移针_棉纱_YZ2023-18_1686559851791_y219_aug1.jpg,0.147099
dataset_v3_patches/test/Cable/5_7G_绞花_棉纱_普通样片_JH2023-11_1684992314305_y294.jpg,dataset_v3_patches/train/Move/普通样片_5_7G_移针_棉纱_YZ2023-18_1686559851791_y219_aug1.jpg,0.146102
dataset_v3_patches/test/Cable/__JH2022-10_1657951839172_y000.jpg,dataset_v3_patches/train/Miss/普通样片_7G_棉纱_吊线_DX2023-45_1709974595139_y073_aug1.jpg,0.068367
dataset_v3_patches/test/Cable/__JH2022-10_1657951839172_y073.jpg,dataset_v3_patches/train/Miss/普通样片_7G_棉纱_吊线_DX2023-45_1709974595139_y073_aug1.jpg,0.073614
dataset_v3_patches/test/Cable/__JH2022-10_1657951839172_y146.jpg,dataset_v3_patches/train/Miss/普通样片_7G_棉纱_吊线_DX2023-45_1709974595139_y073_aug1.jpg,0.078439
dataset_v3_patches/test/Cable/__JH2022-10_1657951839172_y219.jpg,dataset_v3_patches/train/Miss/普通样片_7G_棉纱_吊线_DX2023-45_1709974595139_y073_aug1.jpg,0.081215
dataset_v3_patches/test/Cable/__JH2022-10_1657951839172_y292.jpg,dataset_v3_patches/train/Miss/普通样片_7G_棉纱_吊线_DX2023-45_1709974595139_y073_aug1.jpg,0.084142
dataset_v3_patches/test/Cable/__JH2022-10_1657951839172_y294.jpg,dataset_v3_patches/train/Miss/普通样片_7G_棉纱_吊线_DX2023-45_1709974595139_y073_aug1.jpg,0.084132
dataset_v3_patches/test/Cable/__JH2022-23_1672913344894_y000.jpg,dataset_v3_patches/train/Cable/普通样片_5_7G_包芯纱_绞花_JH2024-10_1718152392227_y000_aug1.jpg,0.174326
dataset_v3_patches/test/Cable/__JH2022-23_1672913344894_y073.jpg,dataset_v3_patches/train/Cable/普通样片_3G_绞花_包芯纱_JH2023-24_1694159386222_y073_aug1.jpg,0.171545
dataset_v3_patches/test/Cable/__JH2022-23_1672913344894_y146.jpg,dataset_v3_patches/train/Cable/普通样片_5_7G_包芯纱_绞花_JH2024-10_1718152392227_y000_aug1.jpg,0.168187
dataset_v3_patches/test/Cable/__JH2022-23_1672913344894_y219.jpg,dataset_v3_patches/train/Cable/5_7G_普通样片_包芯纱_绞花_JH2023-35_1704511928388_y219_aug2.jpg,0.161425
dataset_v3_patches/test/Cable/__JH2022-23_1672913344894_y292.jpg,dataset_v3_patches/train/Cable/普通样片_5_7G_包芯纱_绞花_JH2024-10_1718152392227_y146.jpg,0.158004
dataset_v3_patches/test/Cable/__JH2022-23_1672913344894_y294.jpg,dataset_v3_patches/train/Cable/普通样片_5_7G_包芯纱_绞花_JH2024-10_1718152392227_y146.jpg,0.158310
dataset_v3_patches/test/Cable/__JH2022-2_1652147424642_y000.jpg,dataset_v3_patches/train/Miss/普通样片_14G_棉纱_浮线_FX2023-32_1709367593925_y294_aug2.jpg,0.262723
dataset_v3_patches/test/Cable/__JH2022-2_1652147424642_y073.jpg,dataset_v3_patches/train/Miss/普通样片_14G_棉纱_浮线_FX2023-32_1709367593925_y294_aug2.jpg,0.250754
dataset_v3_patches/test/Cable/__JH2022-2_1652147424642_y146.jpg,dataset_v3_patches/train/Miss/普通样片_14G_棉纱_浮线_FX2023-32_1709367593925_y294.jpg,0.264570
dataset_v3_patches/test/Cable/__JH2022-2_1652147424642_y219.jpg,dataset_v3_patches/train/Miss/普通样片_14G_棉纱_浮线_FX2023-32_1709367593925_y294.jpg,0.264815
dataset_v3_patches/test/Cable/__JH2022-2_1652147424642_y292.jpg,dataset_v3_patches/train/Miss/普通样片_14G_棉纱_浮线_FX2023-32_1709367593925_y294_aug2.jpg,0.260583
dataset_v3_patches/test/Cable/__JH2022-2_1652147424642_y294.jpg,dataset_v3_patches/train/Miss/普通样片_14G_棉纱_浮线_FX2023-32_1709367593925_y294_aug2.jpg,0.257545
dataset_v3_patches/test/Cable/普通样片_5_7G_包芯纱_绞花_JH2023-38_1704512052629_y000.jpg,dataset_v3_patches/train/Move/普通样片_14G_羊毛_移针_YZ2022-12_1663721026263_y219_aug1.jpg,0.172333
dataset_v3_patches/test/Cable/普通样片_5_7G_包芯纱_绞花_JH2023-38_1704512052629_y073.jpg,dataset_v3_patches/train/Move/普通样片_14G_羊毛_移针_YZ2022-12_1663721026263_y292_aug2.jpg,0.170387
dataset_v3_patches/test/Cable/普通样片_5_7G_包芯纱_绞花_JH2023-38_1704512052629_y146.jpg,dataset_v3_patches/train/Move/普通样片_14G_羊毛_移针_YZ2022-12_1663721026263_y294_aug2.jpg,0.169586
dataset_v3_patches/test/Cable/普通样片_5_7G_包芯纱_绞花_JH2023-38_1704512052629_y219.jpg,dataset_v3_patches/train/Move/普通样片_14G_羊毛_移针_YZ2022-12_1663721026263_y219_aug1.jpg,0.161542
dataset_v3_patches/test/Cable/普通样片_5_7G_包芯纱_绞花_JH2023-38_1704512052629_y292.jpg,dataset_v3_patches/train/Move/普通样片_14G_羊毛_移针_YZ2022-12_1663721026263_y219_aug1.jpg,0.156444
dataset_v3_patches/test/Cable/普通样片_5_7G_包芯纱_绞花_JH2023-38_1704512052629_y294.jpg,dataset_v3_patches/train/Move/普通样片_14G_羊毛_移针_YZ2022-12_1663721026263_y219_aug1.jpg,0.155866
dataset_v3_patches/test/Cable/普通样片_5_7G_棉纱_绞花_JH2023-43_1711003827545_y000.jpg,dataset_v3_patches/train/Cable/普通样片_5_7G_棉纱_绞花_JH2023-42_1711003929305_y292_aug2.jpg,0.084101
dataset_v3_patches/test/Cable/普通样片_5_7G_棉纱_绞花_JH2023-43_1711003827545_y073.jpg,dataset_v3_patches/train/Cable/普通样片_5_7G_棉纱_绞花_JH2023-42_1711003929305_y219_aug1.jpg,0.078488
dataset_v3_patches/test/Cable/普通样片_5_7G_棉纱_绞花_JH2023-43_1711003827545_y146.jpg,dataset_v3_patches/train/Cable/普通样片_5_7G_棉纱_绞花_JH2023-42_1711003929305_y292_aug1.jpg,0.073008
dataset_v3_patches/test/Cable/普通样片_5_7G_棉纱_绞花_JH2023-43_1711003827545_y219.jpg,dataset_v3_patches/train/Cable/普通样片_5_7G_棉纱_绞花_JH2023-42_1711003929305_y294.jpg,0.071269
dataset_v3_patches/test/Cable/普通样片_5_7G_棉纱_绞花_JH2023-43_1711003827545_y292.jpg,dataset_v3_patches/train/Cable/普通样片_5_7G_棉纱_绞花_JH2023-42_1711003929305_y292_aug1.jpg,0.068890
dataset_v3_patches/test/Cable/普通样片_5_7G_棉纱_绞花_JH2023-43_1711003827545_y294.jpg,dataset_v3_patches/train/Cable/普通样片_5_7G_棉纱_绞花_JH2023-41_1710404005709_y294_aug2.jpg,0.068765
dataset_v3_patches/test/Links/14G_提花_普通样片_棉纱_JT2022-9_1652402424527_y000.jpg,dataset_v3_patches/train/Miss/普通样片_7G_棉纱_吊线_DX2023-45_1709974595139_y073_aug1.jpg,0.261064
dataset_v3_patches/test/Links/14G_提花_普通样片_棉纱_JT2022-9_1652402424527_y073.jpg,dataset_v3_patches/train/Miss/普通样片_7G_棉纱_吊线_DX2023-45_1709974595139_y073_aug1.jpg,0.209316
dataset_v3_patches/test/Links/14G_提花_普通样片_棉纱_JT2022-9_1652402424527_y146.jpg,dataset_v3_patches/train/Miss/普通样片_7G_棉纱_吊线_DX2023-45_1709974595139_y073_aug1.jpg,0.191254
dataset_v3_patches/test/Links/14G_提花_普通样片_棉纱_JT2022-9_1652402424527_y219.jpg,dataset_v3_patches/train/Miss/普通样片_7G_棉纱_吊线_DX2023-45_1709974595139_y292_aug2.jpg,0.250070
dataset_v3_patches/test/Links/14G_提花_普通样片_棉纱_JT2022-9_1652402424527_y292.jpg,dataset_v3_patches/train/Miss/普通样片_7G_棉纱_吊线_DX2023-45_1709974595139_y073_aug1.jpg,0.274859
dataset_v3_patches/test/Links/14G_提花_普通样片_棉纱_JT2022-9_1652402424527_y294.jpg,dataset_v3_patches/train/Miss/普通样片_7G_棉纱_吊线_DX2023-45_1709974595139_y073_aug1.jpg,0.276498
dataset_v3_patches/test/Links/5_7G_嵌花_普通样片_多区域嵌花_棉纱_QH2022-15_1655174141458_y000.jpg,dataset_v3_patches/train/Links/__QH2020-3_1650250388946_y073.jpg,0.318341
dataset_v3_patches/test/Links/5_7G_嵌花_普通样片_多区域嵌花_棉纱_QH2022-15_1655174141458_y073.jpg,dataset_v3_patches/train/Links/普通样片_5_7G_嵌花_棉纱_QH2022-16_1658108917313_y292_aug2.jpg,0.317761
dataset_v3_patches/test/Links/5_7G_嵌花_普通样片_多区域嵌花_棉纱_QH2022-15_1655174141458_y146.jpg,dataset_v3_patches/train/Links/普通样片_5_7G_嵌花_棉纱_QH2022-16_1658108917313_y292_aug1.jpg,0.315046
dataset_v3_patches/test/Links/5_7G_嵌花_普通样片_多区域嵌花_棉纱_QH2022-15_1655174141458_y219.jpg,dataset_v3_patches/train/Links/普通样片_5_7G_嵌花_棉纱_QH2022-16_1658108917313_y219_aug2.jpg,0.319000
dataset_v3_patches/test/Links/5_7G_嵌花_普通样片_多区域嵌花_棉纱_QH2022-15_1655174141458_y292.jpg,dataset_v3_patches/train/Links/__QH2020-3_1650250388946_y294.jpg,0.319143
dataset_v3_patches/test/Links/5_7G_嵌花_普通样片_多区域嵌花_棉纱_QH2022-15_1655174141458_y294.jpg,dataset_v3_patches/train/Links/__QH2020-3_1650250388946_y294.jpg,0.319953
dataset_v3_patches/test/Links/__FT2022-1_1650511348529_y000.jpg,dataset_v3_patches/train/Move/普通样片_其他_其它_5_7G_样片_包芯纱_摇床_无_吊目_YC2023-6_1686886362786_y073_aug1.jpg,0.284028
dataset_v3_patches/test/Links/__FT2022-1_1650511348529_y073.jpg,dataset_v3_patches/train/Move/普通样片_其他_其它_5_7G_样片_包芯纱_摇床_无_吊目_YC2023-6_1686886362786_y000_aug1.jpg,0.280312
dataset_v3_patches/test/Links/__FT2022-1_1650511348529_y146.jpg,dataset_v3_patches/train/Move/普通样片_其他_其它_5_7G_样片_包芯纱_摇床_无_吊目_YC2023-6_1686886362786_y073_aug1.jpg,0.288804
dataset_v3_patches/test/Links/__FT2022-1_1650511348529_y219.jpg,dataset_v3_patches/train/Links/__FT2022-6_1650678777294_y294_aug2.jpg,0.284673
dataset_v3_patches/test/Links/__FT2022-1_1650511348529_y292.jpg,dataset_v3_patches/train/Move/普通样片_其他_其它_5_7G_样片_包芯纱_摇床_无_YC2024-2_1723106897261_y073_aug1.jpg,0.278802
dataset_v3_patches/test/Links/__FT2022-1_1650511348529_y294.jpg,dataset_v3_patches/train/Move/普通样片_其他_其它_5_7G_样片_包芯纱_摇床_无_YC2024-2_1723106897261_y073_aug1.jpg,0.278197
dataset_v3_patches/test/Links/__QH2022-12_1655168139184_y000.jpg,dataset_v3_patches/train/Cable/普通样片_5_7G_棉纱_绞花_JH2023-41_1710404005709_y292_aug2.jpg,0.238330
dataset_v3_patches/test/Links/__QH2022-12_1655168139184_y073.jpg,dataset_v3_patches/train/Tuck/5_7G_凹凸彩纹_沉降片性能_鼓包_样片_包芯纱_GB2023-4_1683603291504_y219_aug2.jpg,0.272586
dataset_v3_patches/test/Links/__QH2022-12_1655168139184_y146.jpg,dataset_v3_patches/train/Tuck/5_7G_凹凸彩纹_沉降片性能_鼓包_样片_包芯纱_GB2023-4_1683603291504_y073_aug2.jpg,0.295602
dataset_v3_patches/test/Links/__QH2022-12_1655168139184_y219.jpg,dataset_v3_patches/train/Tuck/5_7G_凹凸彩纹_沉降片性能_鼓包_样片_包芯纱_GB2023-4_1683603291504_y219_aug1.jpg,0.297091
dataset_v3_patches/test/Links/__QH2022-12_1655168139184_y292.jpg,dataset_v3_patches/train/Tuck/5_7G_凹凸彩纹_沉降片性能_鼓包_样片_包芯纱_GB2023-4_1683603291504_y073_aug2.jpg,0.283244
dataset_v3_patches/test/Links/__QH2022-12_1655168139184_y294.jpg,dataset_v3_patches/train/Tuck/5_7G_凹凸彩纹_沉降片性能_鼓包_样片_包芯纱_GB2023-4_1683603291504_y073_aug2.jpg,0.283264
dataset_v3_patches/test/Links/普通样片_14G_凹凸彩纹_填充_包芯纱_TC2022-4_1652921654686_y000.jpg,dataset_v3_patches/train/Links/12G_普通样片_包芯纱_提花_TH2023-13_1696491245614_y294_aug1.jpg,0.348599
dataset_v3_patches/test/Links/普通样片_14G_凹凸彩纹_填充_包芯纱_TC2022-4_1652921654686_y073.jpg,dataset_v3_patches/train/Links/普通样片_14G_凹凸彩纹_填充_棉纱_TC2022-1_1652920572845_y073_aug2.jpg,0.346950
dataset_v3_patches/test/Links/普通样片_14G_凹凸彩纹_填充_包芯纱_TC2022-4_1652921654686_y146.jpg,dataset_v3_patches/train/Miss/普通样片_5_7G_衬纬_棉纱_CW2023-11_1686281626307_y000.jpg,0.348610
dataset_v3_patches/test/Links/普通样片_14G_凹凸彩纹_填充_包芯纱_TC2022-4_1652921654686_y219.jpg,dataset_v3_patches/train/Links/12G_普通样片_包芯纱_提花_TH2023-13_1696491245614_y073_aug2.jpg,0.344506
dataset_v3_patches/test/Links/普通样片_14G_凹凸彩纹_填充_包芯纱_TC2022-4_1652921654686_y292.jpg,dataset_v3_patches/train/Miss/普通样片_5_7G_衬纬_棉纱_CW2023-11_1686281626307_y146.jpg,0.342658
dataset_v3_patches/test/Links/普通样片_14G_凹凸彩纹_填充_包芯纱_TC2022-4_1652921654686_y294.jpg,dataset_v3_patches/train/Miss/普通样片_5_7G_衬纬_棉纱_CW2023-11_1686281626307_y146.jpg,0.343337
dataset_v3_patches/test/Links/普通样片_14G_双曲线_局部提花_JT2024-1_1716167957297_y000.jpg,dataset_v3_patches/train/Cable/7G_普通样片_包芯纱_绞花_JH2023-18_1691204246017_y292_aug2.jpg,0.156756
dataset_v3_patches/test/Links/普通样片_14G_双曲线_局部提花_JT2024-1_1716167957297_y073.jpg,dataset_v3_patches/train/Cable/7G_普通样片_包芯纱_绞花_JH2023-18_1691204246017_y292_aug2.jpg,0.264014
dataset_v3_patches/test/Links/普通样片_14G_双曲线_局部提花_JT2024-1_1716167957297_y146.jpg,dataset_v3_patches/train/Cable/7G_普通样片_包芯纱_绞花_JH2023-18_1691204246017_y292_aug2.jpg,0.330256
dataset_v3_patches/test/Links/普通样片_14G_双曲线_局部提花_JT2024-1_1716167957297_y219.jpg,dataset_v3_patches/train/Cable/7G_普通样片_包芯纱_绞花_JH2023-18_1691204246017_y292_aug2.jpg,0.346855
dataset_v3_patches/test/Links/普通样片_14G_双曲线_局部提花_JT2024-1_1716167957297_y292.jpg,dataset_v3_patches/train/Cable/7G_普通样片_包芯纱_绞花_JH2023-18_1691204246017_y292_aug2.jpg,0.348990
dataset_v3_patches/test/Links/普通样片_14G_双曲线_局部提花_JT2024-1_1716167957297_y294.jpg,dataset_v3_patches/train/Cable/7G_普通样片_包芯纱_绞花_JH2023-18_1691204246017_y292_aug2.jpg,0.348634
dataset_v3_patches/test/Links/普通样片_14G_填充_凹凸彩纹_包芯纱_TC2022-2_1652920798570_y000.jpg,dataset_v3_patches/train/Cable/__JH2023-4_1678432161668_y000_aug1.jpg,0.122136
dataset_v3_patches/test/Links/普通样片_14G_填充_凹凸彩纹_包芯纱_TC2022-2_1652920798570_y073.jpg,dataset_v3_patches/train/Cable/__JH2023-4_1678432161668_y000_aug1.jpg,0.124156
dataset_v3_patches/test/Links/普通样片_14G_填充_凹凸彩纹_包芯纱_TC2022-2_1652920798570_y146.jpg,dataset_v3_patches/train/Cable/__JH2023-4_1678432161668_y000_aug1.jpg,0.121109
dataset_v3_patches/test/Links/普通样片_14G_填充_凹凸彩纹_包芯纱_TC2022-2_1652920798570_y219.jpg,dataset_v3_patches/train/Cable/__JH2023-4_1678432161668_y000_aug1.jpg,0.113968
dataset_v3_patches/test/Links/普通样片_14G_填充_凹凸彩纹_包芯纱_TC2022-2_1652920798570_y292.jpg,dataset_v3_patches/train/Cable/__JH2023-4_1678432161668_y292_aug2.jpg,0.106344
dataset_v3_patches/test/Links/普通样片_14G_填充_凹凸彩纹_包芯纱_TC2022-2_1652920798570_y294.jpg,dataset_v3_patches/train/Cable/__JH2023-4_1678432161668_y292_aug2.jpg,0.106970
dataset_v3_patches/test/Links/普通样片_14G_局编_羊毛_JB2023-7_1690940797975_y000.jpg,dataset_v3_patches/train/Miss/普通样片_5_7G_棉纱_局编_JB2024-10_1733388821957_y294_aug1.jpg,0.204115
dataset_v3_patches/test/Links/普通样片_14G_局编_羊毛_JB2023-7_1690940797975_y073.jpg,dataset_v3_patches/train/Miss/普通样片_5_7G_棉纱_局编_JB2024-10_1733388821957_y294_aug1.jpg,0.184753
dataset_v3_patches/test/Links/普通样片_14G_局编_羊毛_JB2023-7_1690940797975_y146.jpg,dataset_v3_patches/train/Miss/普通样片_5_7G_棉纱_局编_JB2024-10_1733388821957_y294_aug1.jpg,0.174664
dataset_v3_patches/test/Links/普通样片_14G_局编_羊毛_JB2023-7_1690940797975_y219.jpg,dataset_v3_patches/train/Miss/普通样片_5_7G_棉纱_局编_JB2024-10_1733388821957_y294_aug1.jpg,0.179500
dataset_v3_patches/test/Links/普通样片_14G_局编_羊毛_JB2023-7_1690940797975_y292.jpg,dataset_v3_patches/train/Miss/普通样片_5_7G_棉纱_局编_JB2024-10_1733388821957_y294_aug1.jpg,0.172936
dataset_v3_patches/test/Links/普通样片_14G_局编_羊毛_JB2023-7_1690940797975_y294.jpg,dataset_v3_patches/train/Miss/普通样片_5_7G_棉纱_局编_JB2024-10_1733388821957_y294_aug1.jpg,0.174295
dataset_v3_patches/test/Links/普通样片_16G_提花_双曲线_TH2022-9_1658211357178_y000.jpg,dataset_v3_patches/train/Tuck/__DX2022-2_1654737426913_y073_aug2.jpg,0.312512
dataset_v3_patches/test/Links/普通样片_16G_提花_双曲线_TH2022-9_1658211357178_y073.jpg,dataset_v3_patches/train/Tuck/__DX2022-2_1654737426913_y000_aug1.jpg,0.312836
dataset_v3_patches/test/Links/普通样片_16G_提花_双曲线_TH2022-9_1658211357178_y146.jpg,dataset_v3_patches/train/Tuck/__DX2022-2_1654737426913_y000_aug2.jpg,0.309975
dataset_v3_patches/test/Links/普通样片_16G_提花_双曲线_TH2022-9_1658211357178_y219.jpg,dataset_v3_patches/train/Tuck/__DX2022-2_1654737426913_y073_aug2.jpg,0.301262
dataset_v3_patches/test/Links/普通样片_16G_提花_双曲线_TH2022-9_1658211357178_y292.jpg,dataset_v3_patches/train/Tuck/__DX2022-2_1654737426913_y073_aug1.jpg,0.309938
dataset_v3_patches/test/Links/普通样片_16G_提花_双曲线_TH2022-9_1658211357178_y294.jpg,dataset_v3_patches/train/Tuck/__DX2022-2_1654737426913_y073_aug1.jpg,0.309188
dataset_v3_patches/test/Links/普通样片_7G_棉纱_提花_TH2024-4_1715389903932_y000.jpg,dataset_v3_patches/train/Tuck/普通样片_9G_羊毛_吊目_DX2023-39_1705634400649_y073_aug2.jpg,0.184418
dataset_v3_patches/test/Links/普通样片_7G_棉纱_提花_TH2024-4_1715389903932_y073.jpg,dataset_v3_patches/train/Tuck/普通样片_9G_羊毛_吊目_DX2023-39_1705634400649_y073_aug2.jpg,0.185133
dataset_v3_patches/test/Links/普通样片_7G_棉纱_提花_TH2024-4_1715389903932_y146.jpg,dataset_v3_patches/train/Tuck/普通样片_9G_羊毛_吊目_DX2023-39_1705634400649_y073_aug2.jpg,0.186304
dataset_v3_patches/test/Links/普通样片_7G_棉纱_提花_TH2024-4_1715389903932_y219.jpg,dataset_v3_patches/train/Tuck/普通样片_9G_羊毛_吊目_DX2023-39_1705634400649_y292.jpg,0.187362
dataset_v3_patches/test/Links/普通样片_7G_棉纱_提花_TH2024-4_1715389903932_y292.jpg,dataset_v3_patches/train/Tuck/5_7G_鼓包_普通样片_棉纱_GB2023-11_1691046329197_y292_aug2.jpg,0.185412
dataset_v3_patches/test/Links/普通样片_7G_棉纱_提花_TH2024-4_1715389903932_y294.jpg,dataset_v3_patches/train/Tuck/5_7G_鼓包_普通样片_棉纱_GB2023-11_1691046329197_y292_aug2.jpg,0.186102
dataset_v3_patches/test/Links/普通样片_9G_棉纱_衬纬_CW2024-2_1718677880864_y000.jpg,dataset_v3_patches/train/Move/普通样片_5_7G_移针_棉纱_YZ2023-5_1677123177131_y000.jpg,0.274008
dataset_v3_patches/test/Links/普通样片_9G_棉纱_衬纬_CW2024-2_1718677880864_y073.jpg,dataset_v3_patches/train/Move/普通样片_5_7G_移针_棉纱_YZ2023-5_1677123177131_y000_aug1.jpg,0.272626
dataset_v3_patches/test/Links/普通样片_9G_棉纱_衬纬_CW2024-2_1718677880864_y146.jpg,dataset_v3_patches/train/Move/普通样片_5_7G_移针_棉纱_YZ2023-5_1677123177131_y000.jpg,0.275135
dataset_v3_patches/test/Links/普通样片_9G_棉纱_衬纬_CW2024-2_1718677880864_y219.jpg,dataset_v3_patches/train/Miss/普通样片_5_7G_棉纱_浮线_FX2022-9_1667616472503_y000_aug2.jpg,0.280877
dataset_v3_patches/test/Links/普通样片_9G_棉纱_衬纬_CW2024-2_1718677880864_y292.jpg,dataset_v3_patches/train/Move/普通样片_5_7G_移针_棉纱_YZ2023-5_1677123177131_y000.jpg,0.290659
dataset_v3_patches/test/Links/普通样片_9G_棉纱_衬纬_CW2024-2_1718677880864_y294.jpg,dataset_v3_patches/train/Move/普通样片_5_7G_移针_棉纱_YZ2023-5_1677123177131_y000.jpg,0.290914
dataset_v3_patches/test/Mesh/12G_普通样片_包芯纱_镂空_LK2020-1_1615438019631_y000.jpg,dataset_v3_patches/train/Cable/7G_普通样片_包芯纱_绞花_JH2023-18_1691204246017_y292_aug2.jpg,0.349700
dataset_v3_patches/test/Mesh/12G_普通样片_包芯纱_镂空_LK2020-1_1615438019631_y073.jpg,dataset_v3_patches/train/Cable/普通样片_5_7G_包芯纱_绞花_YZ2023-39_1705375538634_y294_aug2.jpg,0.343787
dataset_v3_patches/test/Mesh/12G_普通样片_包芯纱_镂空_LK2020-1_1615438019631_y146.jpg,dataset_v3_patches/train/Cable/普通样片_5_7G_包芯纱_绞花_YZ2023-39_1705375538634_y000_aug1.jpg,0.351082
dataset_v3_patches/test/Mesh/12G_普通样片_包芯纱_镂空_LK2020-1_1615438019631_y219.jpg,dataset_v3_patches/train/Mesh/__KQ2023-1_1676705150790_y073.jpg,0.356137
dataset_v3_patches/test/Mesh/12G_普通样片_包芯纱_镂空_LK2020-1_1615438019631_y292.jpg,dataset_v3_patches/train/Cable/普通样片_5_7G_包芯纱_绞花_YZ2023-39_1705375538634_y146_aug2.jpg,0.353062
dataset_v3_patches/test/Mesh/12G_普通样片_包芯纱_镂空_LK2020-1_1615438019631_y294.jpg,dataset_v3_patches/train/Cable/普通样片_5_7G_包芯纱_绞花_YZ2023-39_1705375538634_y146_aug2.jpg,0.351911
dataset_v3_patches/test/Mesh/7G_普通样片_嵌花_棉纱_QH2023-3_1689660969770_y000.jpg,dataset_v3_patches/train/Tuck/__GB2022-11_1672387347513_y292.jpg,0.269050
dataset_v3_patches/test/Mesh/7G_普通样片_嵌花_棉纱_QH2023-3_1689660969770_y073.jpg,dataset_v3_patches/train/Move/普通样片_5_7G_棉纱_移针_YZ2023-42_1709974703734_y292.jpg,0.273046
dataset_v3_patches/test/Mesh/7G_普通样片_嵌花_棉纱_QH2023-3_1689660969770_y146.jpg,dataset_v3_patches/train/Move/普通样片_5_7G_棉纱_移针_YZ2023-42_1709974703734_y294.jpg,0.273169
dataset_v3_patches/test/Mesh/7G_普通样片_嵌花_棉纱_QH2023-3_1689660969770_y219.jpg,dataset_v3_patches/train/Move/普通样片_5_7G_棉纱_移针_YZ2023-42_1709974703734_y294.jpg,0.271077
dataset_v3_patches/test/Mesh/7G_普通样片_嵌花_棉纱_QH2023-3_1689660969770_y292.jpg,dataset_v3_patches/train/Move/普通样片_5_7G_棉纱_移针_YZ2023-42_1709974703734_y292.jpg,0.268999
dataset_v3_patches/test/Mesh/7G_普通样片_嵌花_棉纱_QH2023-3_1689660969770_y294.jpg,dataset_v3_patches/train/Tuck/__GB2022-11_1672387347513_y219_aug2.jpg,0.268375
dataset_v3_patches/test/Mesh/__KQ2022-6_1652403782455_y000.jpg,dataset_v3_patches/train/Tuck/普通样片_14G_羊毛_鼓包_凹凸彩纹_GB2023-16_1696491603490_y000_aug2.jpg,0.220065
dataset_v3_patches/test/Mesh/__KQ2022-6_1652403782455_y073.jpg,dataset_v3_patches/train/Tuck/普通样片_14G_羊毛_鼓包_凹凸彩纹_GB2023-16_1696491603490_y000_aug2.jpg,0.223818
dataset_v3_patches/test/Mesh/__KQ2022-6_1652403782455_y146.jpg,dataset_v3_patches/train/Tuck/普通样片_14G_羊毛_鼓包_凹凸彩纹_GB2023-16_1696491603490_y000_aug2.jpg,0.224443
dataset_v3_patches/test/Mesh/__KQ2022-6_1652403782455_y219.jpg,dataset_v3_patches/train/Tuck/普通样片_14G_羊毛_鼓包_凹凸彩纹_GB2023-16_1696491603490_y000_aug2.jpg,0.219920
dataset_v3_patches/test/Mesh/__KQ2022-6_1652403782455_y292.jpg,dataset_v3_patches/train/Tuck/普通样片_14G_羊毛_鼓包_凹凸彩纹_GB2023-16_1696491603490_y000_aug2.jpg,0.218215
dataset_v3_patches/test/Mesh/__KQ2022-6_1652403782455_y294.jpg,dataset_v3_patches/train/Tuck/普通样片_14G_羊毛_鼓包_凹凸彩纹_GB2023-16_1696491603490_y000_aug2.jpg,0.218526
dataset_v3_patches/test/Mesh/__TK2022-11_1668229607637_y000.jpg,dataset_v3_patches/train/Cable/7G_普通样片_包芯纱_绞花_JH2023-18_1691204246017_y073.jpg,0.230178
dataset_v3_patches/test/Mesh/__TK2022-11_1668229607637_y073.jpg,dataset_v3_patches/train/Cable/普通样片_5_7G_包芯纱_绞花_JH2023-34_1705458571228_y219_aug2.jpg,0.221815
dataset_v3_patches/test/Mesh/__TK2022-11_1668229607637_y146.jpg,dataset_v3_patches/train/Tuck/普通样片_5_7G_包芯纱_鱼鳞_DX2024-10_1719042076385_y073.jpg,0.222977
dataset_v3_patches/test/Mesh/__TK2022-11_1668229607637_y219.jpg,dataset_v3_patches/train/Cable/普通样片_5_7G_包芯纱_绞花_JH2023-34_1705458571228_y219_aug2.jpg,0.222744
dataset_v3_patches/test/Mesh/__TK2022-11_1668229607637_y292.jpg,dataset_v3_patches/train/Tuck/普通样片_5_7G_包芯纱_鱼鳞_DX2024-10_1719042076385_y073.jpg,0.224315
dataset_v3_patches/test/Mesh/__TK2022-11_1668229607637_y294.jpg,dataset_v3_patches/train/Tuck/普通样片_5_7G_包芯纱_鱼鳞_DX2024-10_1719042076385_y073.jpg,0.226084
dataset_v3_patches/test/Mesh/挑孔_棉纱_普通样片_12G_TK2023-16_1684115918412_y000.jpg,dataset_v3_patches/train/Cable/__JH2022-9_1657941807996_y294_aug2.jpg,0.188054
dataset_v3_patches/test/Mesh/挑孔_棉纱_普通样片_12G_TK2023-16_1684115918412_y073.jpg,dataset_v3_patches/train/Cable/__JH2022-9_1657941807996_y294_aug2.jpg,0.180445
dataset_v3_patches/test/Mesh/挑孔_棉纱_普通样片_12G_TK2023-16_1684115918412_y146.jpg,dataset_v3_patches/train/Cable/__JH2022-9_1657941807996_y294_aug2.jpg,0.174917
dataset_v3_patches/test/Mesh/挑孔_棉纱_普通样片_12G_TK2023-16_1684115918412_y219.jpg,dataset_v3_patches/train/Cable/__JH2022-9_1657941807996_y294_aug2.jpg,0.168444
dataset_v3_patches/test/Mesh/挑孔_棉纱_普通样片_12G_TK2023-16_1684115918412_y292.jpg,dataset_v3_patches/train/Cable/__JH2022-9_1657941807996_y294_aug2.jpg,0.164097
dataset_v3_patches/test/Mesh/挑孔_棉纱_普通样片_12G_TK2023-16_1684115918412_y294.jpg,dataset_v3_patches/train/Cable/__JH2022-9_1657941807996_y294_aug2.jpg,0.163699
dataset_v3_patches/test/Mesh/普通样片_5_7G_棉纱_挑孔_TK2023-39_1697524615996_y000.jpg,dataset_v3_patches/train/Links/__JB2022-10_1655081535947_y292_aug1.jpg,0.173118
dataset_v3_patches/test/Mesh/普通样片_5_7G_棉纱_挑孔_TK2023-39_1697524615996_y073.jpg,dataset_v3_patches/train/Links/__JB2022-10_1655081535947_y292_aug1.jpg,0.166780
dataset_v3_patches/test/Mesh/普通样片_5_7G_棉纱_挑孔_TK2023-39_1697524615996_y146.jpg,dataset_v3_patches/train/Links/__JB2022-10_1655081535947_y292_aug1.jpg,0.158121
dataset_v3_patches/test/Mesh/普通样片_5_7G_棉纱_挑孔_TK2023-39_1697524615996_y219.jpg,dataset_v3_patches/train/Links/__JB2022-10_1655081535947_y292_aug1.jpg,0.156393
dataset_v3_patches/test/Mesh/普通样片_5_7G_棉纱_挑孔_TK2023-39_1697524615996_y292.jpg,dataset_v3_patches/train/Links/__JB2022-10_1655081535947_y292_aug1.jpg,0.155009
dataset_v3_patches/test/Mesh/普通样片_5_7G_棉纱_挑孔_TK2023-39_1697524615996_y294.jpg,dataset_v3_patches/train/Links/__JB2022-10_1655081535947_y292_aug1.jpg,0.154468
dataset_v3_patches/test/Mesh/普通样片_5_7G_棉纱_挑孔_TK2024-14_1728545895438_y000.jpg,dataset_v3_patches/train/Move/普通样片_5_7G_棉纱_移针_YZ2023-36_1705375184414_y000.jpg,0.228509
dataset_v3_patches/test/Mesh/普通样片_5_7G_棉纱_挑孔_TK2024-14_1728545895438_y073.jpg,dataset_v3_patches/train/Move/普通样片_5_7G_棉纱_移针_YZ2023-36_1705375184414_y000.jpg,0.223509
dataset_v3_patches/test/Mesh/普通样片_5_7G_棉纱_挑孔_TK2024-14_1728545895438_y146.jpg,dataset_v3_patches/train/Move/普通样片_5_7G_棉纱_移针_YZ2023-36_1705375184414_y000.jpg,0.229103
dataset_v3_patches/test/Mesh/普通样片_5_7G_棉纱_挑孔_TK2024-14_1728545895438_y219.jpg,dataset_v3_patches/train/Move/普通样片_5_7G_棉纱_移针_YZ2023-36_1705375184414_y073_aug2.jpg,0.230284
dataset_v3_patches/test/Mesh/普通样片_5_7G_棉纱_挑孔_TK2024-14_1728545895438_y292.jpg,dataset_v3_patches/train/Move/普通样片_5_7G_棉纱_移针_YZ2023-36_1705375184414_y000.jpg,0.234242
dataset_v3_patches/test/Mesh/普通样片_5_7G_棉纱_挑孔_TK2024-14_1728545895438_y294.jpg,dataset_v3_patches/train/Move/普通样片_5_7G_棉纱_移针_YZ2023-36_1705375184414_y000.jpg,0.233675
dataset_v3_patches/test/Mesh/普通样片_5_7G_棉纱_挑孔_TK2024-18_1733884113811_y000.jpg,dataset_v3_patches/train/Mesh/__TK2022-10_1668491392878_y073_aug2.jpg,0.214549
dataset_v3_patches/test/Mesh/普通样片_5_7G_棉纱_挑孔_TK2024-18_1733884113811_y073.jpg,dataset_v3_patches/train/Mesh/__TK2022-10_1668491392878_y073_aug2.jpg,0.222341
dataset_v3_patches/test/Mesh/普通样片_5_7G_棉纱_挑孔_TK2024-18_1733884113811_y146.jpg,dataset_v3_patches/train/Mesh/__TK2022-10_1668491392878_y073_aug2.jpg,0.227248
dataset_v3_patches/test/Mesh/普通样片_5_7G_棉纱_挑孔_TK2024-18_1733884113811_y219.jpg,dataset_v3_patches/train/Mesh/__TK2022-10_1668491392878_y146.jpg,0.233712
dataset_v3_patches/test/Mesh/普通样片_5_7G_棉纱_挑孔_TK2024-18_1733884113811_y292.jpg,dataset_v3_patches/train/Mesh/__TK2022-10_1668491392878_y146.jpg,0.234951
dataset_v3_patches/test/Mesh/普通样片_5_7G_棉纱_挑孔_TK2024-18_1733884113811_y294.jpg,dataset_v3_patches/train/Tuck/__GB2022-11_1672387347513_y219.jpg,0.233026
dataset_v3_patches/test/Mesh/普通样片_5_7G_棉纱_镂空_LK2023-17_1686796777124_y000.jpg,dataset_v3_patches/train/Tuck/__DX2022-11_1668490886258_y000_aug1.jpg,0.260729
dataset_v3_patches/test/Mesh/普通样片_5_7G_棉纱_镂空_LK2023-17_1686796777124_y073.jpg,dataset_v3_patches/train/Tuck/普通样片_12G_毛圈_包芯纱_MJ2022-4_1661217138539_y292_aug2.jpg,0.259472
dataset_v3_patches/test/Mesh/普通样片_5_7G_棉纱_镂空_LK2023-17_1686796777124_y146.jpg,dataset_v3_patches/train/Tuck/普通样片_12G_毛圈_包芯纱_MJ2022-4_1661217138539_y292_aug2.jpg,0.256764
dataset_v3_patches/test/Mesh/普通样片_5_7G_棉纱_镂空_LK2023-17_1686796777124_y219.jpg,dataset_v3_patches/train/Tuck/普通样片_12G_毛圈_包芯纱_MJ2022-4_1661217138539_y292_aug2.jpg,0.256113
dataset_v3_patches/test/Mesh/普通样片_5_7G_棉纱_镂空_LK2023-17_1686796777124_y292.jpg,dataset_v3_patches/train/Tuck/普通样片_12G_毛圈_包芯纱_MJ2022-4_1661217138539_y292_aug2.jpg,0.253611
dataset_v3_patches/test/Mesh/普通样片_5_7G_棉纱_镂空_LK2023-17_1686796777124_y294.jpg,dataset_v3_patches/train/Tuck/普通样片_12G_毛圈_包芯纱_MJ2022-4_1661217138539_y292_aug2.jpg,0.253397
dataset_v3_patches/test/Mesh/普通样片_绞花_挑孔_棉纱_9G_TK2023-17_1683796901197_y000.jpg,dataset_v3_patches/train/Cable/普通样片_5_7G_棉纱_绞花_JH2023-42_1711003929305_y294.jpg,0.095521
dataset_v3_patches/test/Mesh/普通样片_绞花_挑孔_棉纱_9G_TK2023-17_1683796901197_y073.jpg,dataset_v3_patches/train/Cable/普通样片_5_7G_棉纱_绞花_JH2023-42_1711003929305_y294.jpg,0.092453
dataset_v3_patches/test/Mesh/普通样片_绞花_挑孔_棉纱_9G_TK2023-17_1683796901197_y146.jpg,dataset_v3_patches/train/Cable/普通样片_5_7G_棉纱_绞花_JH2023-42_1711003929305_y146_aug1.jpg,0.091354
dataset_v3_patches/test/Mesh/普通样片_绞花_挑孔_棉纱_9G_TK2023-17_1683796901197_y219.jpg,dataset_v3_patches/train/Cable/普通样片_5_7G_棉纱_绞花_JH2023-42_1711003929305_y219_aug2.jpg,0.098781
dataset_v3_patches/test/Mesh/普通样片_绞花_挑孔_棉纱_9G_TK2023-17_1683796901197_y292.jpg,dataset_v3_patches/train/Cable/普通样片_5_7G_棉纱_绞花_JH2023-42_1711003929305_y219_aug2.jpg,0.101282
dataset_v3_patches/test/Mesh/普通样片_绞花_挑孔_棉纱_9G_TK2023-17_1683796901197_y294.jpg,dataset_v3_patches/train/Cable/普通样片_5_7G_棉纱_绞花_JH2023-42_1711003929305_y219_aug2.jpg,0.102259
dataset_v3_patches/test/Mesh/棉纱_普通样片_5_7G_挑孔_TK2023-12_1685065895971_y000.jpg,dataset_v3_patches/train/Miss/__DX2022-5_1668133030999_y000_aug1.jpg,0.237070
dataset_v3_patches/test/Mesh/棉纱_普通样片_5_7G_挑孔_TK2023-12_1685065895971_y073.jpg,dataset_v3_patches/train/Mesh/普通样片_5_7G_挑孔_棉纱_TK2023-20_1686636256797_y292_aug1.jpg,0.237543
dataset_v3_patches/test/Mesh/棉纱_普通样片_5_7G_挑孔_TK2023-12_1685065895971_y146.jpg,dataset_v3_patches/train/Mesh/普通样片_5_7G_挑孔_棉纱_TK2023-20_1686636256797_y292_aug1.jpg,0.237309
dataset_v3_patches/test/Mesh/棉纱_普通样片_5_7G_挑孔_TK2023-12_1685065895971_y219.jpg,dataset_v3_patches/train/Miss/__DX2022-5_1668133030999_y146_aug1.jpg,0.236422
dataset_v3_patches/test/Mesh/棉纱_普通样片_5_7G_挑孔_TK2023-12_1685065895971_y292.jpg,dataset_v3_patches/train/Miss/__DX2022-5_1668133030999_y146_aug1.jpg,0.236006
dataset_v3_patches/test/Mesh/棉纱_普通样片_5_7G_挑孔_TK2023-12_1685065895971_y294.jpg,dataset_v3_patches/train/Miss/__DX2022-5_1668133030999_y146_aug1.jpg,0.233709
dataset_v3_patches/test/Miss/14G_普通样片_浮线_棉纱_FX2023-7_1684719627788_y000.jpg,dataset_v3_patches/train/Mesh/普通样片_14G_棉纱_空起_KQ2024-2_1718151649507_y294_aug2.jpg,0.324399
dataset_v3_patches/test/Miss/14G_普通样片_浮线_棉纱_FX2023-7_1684719627788_y073.jpg,dataset_v3_patches/train/Cable/普通样片_14G_包芯纱_绞花_JH2024-11_1734396062969_y073_aug2.jpg,0.325266
dataset_v3_patches/test/Miss/14G_普通样片_浮线_棉纱_FX2023-7_1684719627788_y146.jpg,dataset_v3_patches/train/Miss/5_7G_普通样片_棉纱_浮线_FX2022-6_1657777670884_y219_aug1.jpg,0.318522
dataset_v3_patches/test/Miss/14G_普通样片_浮线_棉纱_FX2023-7_1684719627788_y219.jpg,dataset_v3_patches/train/Miss/5_7G_普通样片_棉纱_浮线_FX2022-6_1657777670884_y219_aug2.jpg,0.313022
dataset_v3_patches/test/Miss/14G_普通样片_浮线_棉纱_FX2023-7_1684719627788_y292.jpg,dataset_v3_patches/train/Miss/5_7G_普通样片_棉纱_浮线_FX2022-6_1657777670884_y292_aug2.jpg,0.315644
dataset_v3_patches/test/Miss/14G_普通样片_浮线_棉纱_FX2023-7_1684719627788_y294.jpg,dataset_v3_patches/train/Miss/5_7G_普通样片_棉纱_浮线_FX2022-6_1657777670884_y292_aug2.jpg,0.313401
dataset_v3_patches/test/Miss/5_7G_样片_华孚棉_浮线_FX2024-5_1716167801530_y000.jpg,dataset_v3_patches/train/Tuck/__DX2022-18_1672731017998_y073_aug2.jpg,0.215608
dataset_v3_patches/test/Miss/5_7G_样片_华孚棉_浮线_FX2024-5_1716167801530_y073.jpg,dataset_v3_patches/train/Tuck/__DX2022-18_1672731017998_y073_aug2.jpg,0.219701
dataset_v3_patches/test/Miss/5_7G_样片_华孚棉_浮线_FX2024-5_1716167801530_y146.jpg,dataset_v3_patches/train/Tuck/__DX2022-18_1672731017998_y073_aug2.jpg,0.221030
dataset_v3_patches/test/Miss/5_7G_样片_华孚棉_浮线_FX2024-5_1716167801530_y219.jpg,dataset_v3_patches/train/Tuck/__DX2022-18_1672731017998_y073_aug2.jpg,0.218470
dataset_v3_patches/test/Miss/5_7G_样片_华孚棉_浮线_FX2024-5_1716167801530_y292.jpg,dataset_v3_patches/train/Tuck/__DX2022-18_1672731017998_y073_aug2.jpg,0.218662
dataset_v3_patches/test/Miss/5_7G_样片_华孚棉_浮线_FX2024-5_1716167801530_y294.jpg,dataset_v3_patches/train/Tuck/__DX2022-18_1672731017998_y073_aug2.jpg,0.217505
dataset_v3_patches/test/Miss/__DX2022-15_1670549748409_y000.jpg,dataset_v3_patches/train/Mesh/普通样片_12G_包芯纱_空起_KQ2024-7_1728438688722_y219_aug1.jpg,0.259279
dataset_v3_patches/test/Miss/__DX2022-15_1670549748409_y073.jpg,dataset_v3_patches/train/Miss/__DX2023-1_1676100237292_y294_aug1.jpg,0.259829
dataset_v3_patches/test/Miss/__DX2022-15_1670549748409_y146.jpg,dataset_v3_patches/train/Mesh/普通样片_12G_包芯纱_空起_KQ2024-7_1728438688722_y146.jpg,0.255426
dataset_v3_patches/test/Miss/__DX2022-15_1670549748409_y219.jpg,dataset_v3_patches/train/Miss/__DX2023-1_1676100237292_y294_aug1.jpg,0.248066
dataset_v3_patches/test/Miss/__DX2022-15_1670549748409_y292.jpg,dataset_v3_patches/train/Miss/__DX2023-1_1676100237292_y294_aug1.jpg,0.245777
dataset_v3_patches/test/Miss/__DX2022-15_1670549748409_y294.jpg,dataset_v3_patches/train/Mesh/普通样片_12G_包芯纱_空起_KQ2024-7_1728438688722_y219_aug1.jpg,0.246331
dataset_v3_patches/test/Miss/__DX2023-6_1676444417845_y000.jpg,dataset_v3_patches/train/Miss/普通样片_3G_吊线_棉纱_DX2023-25_1694159087471_y073_aug1.jpg,0.277261
dataset_v3_patches/test/Miss/__DX2023-6_1676444417845_y073.jpg,dataset_v3_patches/train/Miss/普通样片_3G_吊线_棉纱_DX2023-25_1694159087471_y073_aug1.jpg,0.272590
dataset_v3_patches/test/Miss/__DX2023-6_1676444417845_y146.jpg,dataset_v3_patches/train/Miss/普通样片_3G_吊线_棉纱_DX2023-25_1694159087471_y073_aug1.jpg,0.269385
dataset_v3_patches/test/Miss/__DX2023-6_1676444417845_y219.jpg,dataset_v3_patches/train/Miss/普通样片_3G_吊线_棉纱_DX2023-25_1694159087471_y073_aug1.jpg,0.262623
dataset_v3_patches/test/Miss/__DX2023-6_1676444417845_y292.jpg,dataset_v3_patches/train/Miss/普通样片_3G_吊线_棉纱_DX2023-25_1694159087471_y073_aug1.jpg,0.258313
dataset_v3_patches/test/Miss/__DX2023-6_1676444417845_y294.jpg,dataset_v3_patches/train/Miss/普通样片_3G_吊线_棉纱_DX2023-25_1694159087471_y073_aug1.jpg,0.256868
dataset_v3_patches/test/Miss/普通样片_14G_棉纱_浮线_FX2024-17_1726037718163_y000.jpg,dataset_v3_patches/train/Miss/普通样片_14G_棉纱_浮线_FX2023-32_1709367593925_y219_aug1.jpg,0.206873
dataset_v3_patches/test/Miss/普通样片_14G_棉纱_浮线_FX2024-17_1726037718163_y073.jpg,dataset_v3_patches/train/Miss/普通样片_14G_棉纱_浮线_FX2023-32_1709367593925_y294.jpg,0.202012
dataset_v3_patches/test/Miss/普通样片_14G_棉纱_浮线_FX2024-17_1726037718163_y146.jpg,dataset_v3_patches/train/Miss/普通样片_14G_棉纱_浮线_FX2023-32_1709367593925_y292_aug1.jpg,0.204770
dataset_v3_patches/test/Miss/普通样片_14G_棉纱_浮线_FX2024-17_1726037718163_y219.jpg,dataset_v3_patches/train/Miss/普通样片_14G_棉纱_浮线_FX2023-32_1709367593925_y292.jpg,0.205307
dataset_v3_patches/test/Miss/普通样片_14G_棉纱_浮线_FX2024-17_1726037718163_y292.jpg,dataset_v3_patches/train/Miss/普通样片_14G_棉纱_浮线_FX2023-32_1709367593925_y294_aug2.jpg,0.206866
dataset_v3_patches/test/Miss/普通样片_14G_棉纱_浮线_FX2024-17_1726037718163_y294.jpg,dataset_v3_patches/train/Miss/普通样片_14G_棉纱_浮线_FX2023-32_1709367593925_y294_aug2.jpg,0.207635
dataset_v3_patches/test/Miss/普通样片_5_7G_棉纱_吊线_DX2024-8_1718270316611_y000.jpg,dataset_v3_patches/train/Move/普通样片_5_7G_棉纱_移针_YZ2024-14_1726038188562_y219.jpg,0.343744
dataset_v3_patches/test/Miss/普通样片_5_7G_棉纱_吊线_DX2024-8_1718270316611_y073.jpg,dataset_v3_patches/train/Move/普通样片_5_7G_棉纱_移针_YZ2024-14_1726038188562_y292_aug1.jpg,0.345604
dataset_v3_patches/test/Miss/普通样片_5_7G_棉纱_吊线_DX2024-8_1718270316611_y146.jpg,dataset_v3_patches/train/Move/普通样片_5_7G_棉纱_移针_YZ2024-14_1726038188562_y219.jpg,0.346713
dataset_v3_patches/test/Miss/普通样片_5_7G_棉纱_吊线_DX2024-8_1718270316611_y219.jpg,dataset_v3_patches/train/Move/普通样片_5_7G_棉纱_移针_YZ2024-14_1726038188562_y292_aug1.jpg,0.349389
dataset_v3_patches/test/Miss/普通样片_5_7G_棉纱_吊线_DX2024-8_1718270316611_y292.jpg,dataset_v3_patches/train/Move/普通样片_5_7G_棉纱_移针_YZ2024-14_1726038188562_y219.jpg,0.348591
dataset_v3_patches/test/Miss/普通样片_5_7G_棉纱_吊线_DX2024-8_1718270316611_y294.jpg,dataset_v3_patches/train/Move/普通样片_5_7G_棉纱_移针_YZ2024-14_1726038188562_y219.jpg,0.350317
dataset_v3_patches/test/Miss/普通样片_5_7G_棉纱_浮线_FX2024-4_1715741989163_y000.jpg,dataset_v3_patches/train/Mesh/普通样片_移针_挑孔_5_7G_棉纱_YZ2024-7_1716167285191_y146.jpg,0.221755
dataset_v3_patches/test/Miss/普通样片_5_7G_棉纱_浮线_FX2024-4_1715741989163_y073.jpg,dataset_v3_patches/train/Mesh/普通样片_移针_挑孔_5_7G_棉纱_YZ2024-7_1716167285191_y146.jpg,0.222864
dataset_v3_patches/test/Miss/普通样片_5_7G_棉纱_浮线_FX2024-4_1715741989163_y146.jpg,dataset_v3_patches/train/Mesh/普通样片_移针_挑孔_5_7G_棉纱_YZ2024-7_1716167285191_y146_aug1.jpg,0.221152
dataset_v3_patches/test/Miss/普通样片_5_7G_棉纱_浮线_FX2024-4_1715741989163_y219.jpg,dataset_v3_patches/train/Miss/普通样片_7G_棉纱_浮线_FX2024-9_1718678434313_y000.jpg,0.227538
dataset_v3_patches/test/Miss/普通样片_5_7G_棉纱_浮线_FX2024-4_1715741989163_y292.jpg,dataset_v3_patches/train/Miss/__DX2022-16_1670549830274_y292_aug1.jpg,0.227685
dataset_v3_patches/test/Miss/普通样片_5_7G_棉纱_浮线_FX2024-4_1715741989163_y294.jpg,dataset_v3_patches/train/Miss/__DX2022-16_1670549830274_y292_aug1.jpg,0.226425
dataset_v3_patches/test/Miss/普通样片_5_7G_棉纱_浮线_无_FX2022-19_1670827423766_y000.jpg,dataset_v3_patches/train/Move/普通样片_7G_棉纱_摇床_YC2023-13_1697785091646_y073_aug1.jpg,0.193135
dataset_v3_patches/test/Miss/普通样片_5_7G_棉纱_浮线_无_FX2022-19_1670827423766_y073.jpg,dataset_v3_patches/train/Move/普通样片_7G_棉纱_摇床_YC2023-13_1697785091646_y073_aug1.jpg,0.189878
dataset_v3_patches/test/Miss/普通样片_5_7G_棉纱_浮线_无_FX2022-19_1670827423766_y146.jpg,dataset_v3_patches/train/Move/普通样片_7G_棉纱_摇床_YC2023-13_1697785091646_y073_aug1.jpg,0.189277
dataset_v3_patches/test/Miss/普通样片_5_7G_棉纱_浮线_无_FX2022-19_1670827423766_y219.jpg,dataset_v3_patches/train/Move/普通样片_7G_棉纱_摇床_YC2023-13_1697785091646_y073_aug1.jpg,0.191392
dataset_v3_patches/test/Miss/普通样片_5_7G_棉纱_浮线_无_FX2022-19_1670827423766_y292.jpg,dataset_v3_patches/train/Move/普通样片_7G_棉纱_摇床_YC2023-13_1697785091646_y073_aug1.jpg,0.189558
dataset_v3_patches/test/Miss/普通样片_5_7G_棉纱_浮线_无_FX2022-19_1670827423766_y294.jpg,dataset_v3_patches/train/Move/普通样片_7G_棉纱_摇床_YC2023-13_1697785091646_y073_aug1.jpg,0.192706
dataset_v3_patches/test/Miss/普通样片_7G_吊线_棉纱_DX2023-14_1684828869930_y000.jpg,dataset_v3_patches/train/Tuck/__DX2022-11_1668490886258_y000_aug1.jpg,0.221120
dataset_v3_patches/test/Miss/普通样片_7G_吊线_棉纱_DX2023-14_1684828869930_y073.jpg,dataset_v3_patches/train/Tuck/__DX2022-11_1668490886258_y000_aug1.jpg,0.216748
dataset_v3_patches/test/Miss/普通样片_7G_吊线_棉纱_DX2023-14_1684828869930_y146.jpg,dataset_v3_patches/train/Tuck/__DX2022-11_1668490886258_y000_aug1.jpg,0.224553
dataset_v3_patches/test/Miss/普通样片_7G_吊线_棉纱_DX2023-14_1684828869930_y219.jpg,dataset_v3_patches/train/Tuck/__DX2022-11_1668490886258_y000_aug1.jpg,0.227605
dataset_v3_patches/test/Miss/普通样片_7G_吊线_棉纱_DX2023-14_1684828869930_y292.jpg,dataset_v3_patches/train/Tuck/__DX2022-11_1668490886258_y073_aug1.jpg,0.225420
dataset_v3_patches/test/Miss/普通样片_7G_吊线_棉纱_DX2023-14_1684828869930_y294.jpg,dataset_v3_patches/train/Tuck/__DX2022-11_1668490886258_y073_aug1.jpg,0.224771
dataset_v3_patches/test/Miss/普通样片_7G_浮线_棉纱_FX2022-7_1657779182151_y000.jpg,dataset_v3_patches/train/Miss/__DX2023-1_1676100237292_y000.jpg,0.261946
dataset_v3_patches/test/Miss/普通样片_7G_浮线_棉纱_FX2022-7_1657779182151_y073.jpg,dataset_v3_patches/train/Miss/__DX2023-1_1676100237292_y000.jpg,0.265110
dataset_v3_patches/test/Miss/普通样片_7G_浮线_棉纱_FX2022-7_1657779182151_y146.jpg,dataset_v3_patches/train/Miss/__DX2023-1_1676100237292_y073.jpg,0.262333
dataset_v3_patches/test/Miss/普通样片_7G_浮线_棉纱_FX2022-7_1657779182151_y219.jpg,dataset_v3_patches/train/Miss/__DX2023-1_1676100237292_y000.jpg,0.264634
dataset_v3_patches/test/Miss/普通样片_7G_浮线_棉纱_FX2022-7_1657779182151_y292.jpg,dataset_v3_patches/train/Miss/__DX2023-1_1676100237292_y000.jpg,0.267590
dataset_v3_patches/test/Miss/普通样片_7G_浮线_棉纱_FX2022-7_1657779182151_y294.jpg,dataset_v3_patches/train/Miss/__DX2023-1_1676100237292_y000.jpg,0.268980
dataset_v3_patches/test/Move/__DX2023-9_1678416880602_y000.jpg,dataset_v3_patches/train/Mesh/__TK2022-16_1673056353776_y146_aug2.jpg,0.268005
dataset_v3_patches/test/Move/__DX2023-9_1678416880602_y073.jpg,dataset_v3_patches/train/Mesh/__TK2022-16_1673056353776_y146_aug2.jpg,0.272070
dataset_v3_patches/test/Move/__DX2023-9_1678416880602_y146.jpg,dataset_v3_patches/train/Mesh/__TK2022-16_1673056353776_y146_aug2.jpg,0.267898
dataset_v3_patches/test/Move/__DX2023-9_1678416880602_y219.jpg,dataset_v3_patches/train/Mesh/__TK2022-16_1673056353776_y146_aug2.jpg,0.274283
dataset_v3_patches/test/Move/__DX2023-9_1678416880602_y292.jpg,dataset_v3_patches/train/Mesh/__TK2022-16_1673056353776_y146_aug2.jpg,0.264867
dataset_v3_patches/test/Move/__DX2023-9_1678416880602_y294.jpg,dataset_v3_patches/train/Mesh/__TK2022-16_1673056353776_y146_aug2.jpg,0.265817
dataset_v3_patches/test/Move/__JB2022-16_1672819551642_y000.jpg,dataset_v3_patches/train/Move/普通样片_5_7G_棉纱_移针_YZ2023-36_1705375184414_y219_aug1.jpg,0.239127
dataset_v3_patches/test/Move/__JB2022-16_1672819551642_y073.jpg,dataset_v3_patches/train/Move/普通样片_5_7G_棉纱_移针_YZ2023-36_1705375184414_y219_aug1.jpg,0.239658
dataset_v3_patches/test/Move/__JB2022-16_1672819551642_y146.jpg,dataset_v3_patches/train/Move/普通样片_5_7G_棉纱_移针_YZ2023-36_1705375184414_y219_aug1.jpg,0.243674
dataset_v3_patches/test/Move/__JB2022-16_1672819551642_y219.jpg,dataset_v3_patches/train/Move/普通样片_5_7G_棉纱_移针_YZ2023-36_1705375184414_y219_aug1.jpg,0.243138
dataset_v3_patches/test/Move/__JB2022-16_1672819551642_y292.jpg,dataset_v3_patches/train/Move/普通样片_5_7G_棉纱_移针_YZ2023-36_1705375184414_y219_aug1.jpg,0.240876
dataset_v3_patches/test/Move/__JB2022-16_1672819551642_y294.jpg,dataset_v3_patches/train/Move/普通样片_5_7G_棉纱_移针_YZ2023-36_1705375184414_y219_aug1.jpg,0.241535
dataset_v3_patches/test/Move/__TH2022-1_1652752677991_y000.jpg,dataset_v3_patches/train/Mesh/__TK2022-1_1650503179196_y219_aug1.jpg,0.237267
dataset_v3_patches/test/Move/__TH2022-1_1652752677991_y073.jpg,dataset_v3_patches/train/Mesh/__TK2022-1_1650503179196_y292_aug1.jpg,0.237536
dataset_v3_patches/test/Move/__TH2022-1_1652752677991_y146.jpg,dataset_v3_patches/train/Mesh/__TK2022-1_1650503179196_y294_aug2.jpg,0.236860
dataset_v3_patches/test/Move/__TH2022-1_1652752677991_y219.jpg,dataset_v3_patches/train/Mesh/__TK2022-1_1650503179196_y292_aug1.jpg,0.235301
dataset_v3_patches/test/Move/__TH2022-1_1652752677991_y292.jpg,dataset_v3_patches/train/Mesh/__TK2022-1_1650503179196_y294_aug2.jpg,0.232768
dataset_v3_patches/test/Move/__TH2022-1_1652752677991_y294.jpg,dataset_v3_patches/train/Mesh/__TK2022-1_1650503179196_y294_aug2.jpg,0.232787
dataset_v3_patches/test/Move/__TH2022-7_1658210532840_y000.jpg,dataset_v3_patches/train/Cable/__JH2023-5_1678431985670_y294_aug2.jpg,0.205290
dataset_v3_patches/test/Move/__TH2022-7_1658210532840_y073.jpg,dataset_v3_patches/train/Cable/__JH2023-5_1678431985670_y146_aug2.jpg,0.211431
dataset_v3_patches/test/Move/__TH2022-7_1658210532840_y146.jpg,dataset_v3_patches/train/Cable/__JH2023-5_1678431985670_y219.jpg,0.197833
dataset_v3_patches/test/Move/__TH2022-7_1658210532840_y219.jpg,dataset_v3_patches/train/Cable/__JH2023-5_1678431985670_y146_aug2.jpg,0.192655
dataset_v3_patches/test/Move/__TH2022-7_1658210532840_y292.jpg,dataset_v3_patches/train/Cable/__JH2023-5_1678431985670_y146_aug2.jpg,0.186876
dataset_v3_patches/test/Move/__TH2022-7_1658210532840_y294.jpg,dataset_v3_patches/train/Cable/__JH2023-5_1678431985670_y146.jpg,0.186809
dataset_v3_patches/test/Move/普通样片_5_7G_包芯纱_摇床_YC2024-3_1728957618730_y000.jpg,dataset_v3_patches/train/Move/普通样片_其他_其它_5_7G_样片_包芯纱_摇床_无_吊目_YC2023-6_1686886362786_y292.jpg,0.147575
dataset_v3_patches/test/Move/普通样片_5_7G_包芯纱_摇床_YC2024-3_1728957618730_y073.jpg,dataset_v3_patches/train/Move/普通样片_其他_其它_5_7G_样片_包芯纱_摇床_无_吊目_YC2023-6_1686886362786_y292.jpg,0.149462
dataset_v3_patches/test/Move/普通样片_5_7G_包芯纱_摇床_YC2024-3_1728957618730_y146.jpg,dataset_v3_patches/train/Move/普通样片_其他_其它_5_7G_样片_包芯纱_摇床_无_吊目_YC2023-6_1686886362786_y292.jpg,0.150962
dataset_v3_patches/test/Move/普通样片_5_7G_包芯纱_摇床_YC2024-3_1728957618730_y219.jpg,dataset_v3_patches/train/Miss/普通样片_9G_包芯纱_浮线_FX2022-17_1668224226699_y146_aug2.jpg,0.151459
dataset_v3_patches/test/Move/普通样片_5_7G_包芯纱_摇床_YC2024-3_1728957618730_y292.jpg,dataset_v3_patches/train/Miss/普通样片_9G_包芯纱_浮线_FX2022-17_1668224226699_y146_aug2.jpg,0.149182
dataset_v3_patches/test/Move/普通样片_5_7G_包芯纱_摇床_YC2024-3_1728957618730_y294.jpg,dataset_v3_patches/train/Miss/普通样片_9G_包芯纱_浮线_FX2022-17_1668224226699_y146_aug2.jpg,0.147702
dataset_v3_patches/test/Move/普通样片_5_7G_包芯纱_摇床_吊线_YC2023-11_1696490846779_y000.jpg,dataset_v3_patches/train/Move/普通样片_5_7G_棉纱_移针_YZ2023-36_1705375184414_y000.jpg,0.237045
dataset_v3_patches/test/Move/普通样片_5_7G_包芯纱_摇床_吊线_YC2023-11_1696490846779_y073.jpg,dataset_v3_patches/train/Move/普通样片_5_7G_棉纱_移针_YZ2023-36_1705375184414_y219_aug1.jpg,0.245608
dataset_v3_patches/test/Move/普通样片_5_7G_包芯纱_摇床_吊线_YC2023-11_1696490846779_y146.jpg,dataset_v3_patches/train/Move/普通样片_5_7G_棉纱_移针_YZ2023-36_1705375184414_y294.jpg,0.251136
dataset_v3_patches/test/Move/普通样片_5_7G_包芯纱_摇床_吊线_YC2023-11_1696490846779_y219.jpg,dataset_v3_patches/train/Move/普通样片_5_7G_棉纱_移针_YZ2023-36_1705375184414_y219_aug1.jpg,0.254864
dataset_v3_patches/test/Move/普通样片_5_7G_包芯纱_摇床_吊线_YC2023-11_1696490846779_y292.jpg,dataset_v3_patches/train/Move/普通样片_5_7G_棉纱_移针_YZ2023-36_1705375184414_y294.jpg,0.254171
dataset_v3_patches/test/Move/普通样片_5_7G_包芯纱_摇床_吊线_YC2023-11_1696490846779_y294.jpg,dataset_v3_patches/train/Move/普通样片_5_7G_棉纱_移针_YZ2023-36_1705375184414_y294.jpg,0.256400
dataset_v3_patches/test/Move/普通样片_7G_棉纱_移针_YZ2023-31_1701053254519_y000.jpg,dataset_v3_patches/train/Miss/普通样片_其他_其它_5_7G_样片_包芯纱_浮线_无_FX2023-5_1681092026720_y294_aug2.jpg,0.227061
dataset_v3_patches/test/Move/普通样片_7G_棉纱_移针_YZ2023-31_1701053254519_y073.jpg,dataset_v3_patches/train/Miss/普通样片_其他_其它_5_7G_样片_包芯纱_浮线_无_FX2023-5_1681092026720_y294_aug2.jpg,0.225309
dataset_v3_patches/test/Move/普通样片_7G_棉纱_移针_YZ2023-31_1701053254519_y146.jpg,dataset_v3_patches/train/Miss/普通样片_其他_其它_5_7G_样片_包芯纱_浮线_无_FX2023-5_1681092026720_y294_aug2.jpg,0.229306
dataset_v3_patches/test/Move/普通样片_7G_棉纱_移针_YZ2023-31_1701053254519_y219.jpg,dataset_v3_patches/train/Miss/普通样片_其他_其它_5_7G_样片_包芯纱_浮线_无_FX2023-5_1681092026720_y292_aug1.jpg,0.226959
dataset_v3_patches/test/Move/普通样片_7G_棉纱_移针_YZ2023-31_1701053254519_y292.jpg,dataset_v3_patches/train/Miss/普通样片_其他_其它_5_7G_样片_包芯纱_浮线_无_FX2023-5_1681092026720_y292_aug1.jpg,0.223714
dataset_v3_patches/test/Move/普通样片_7G_棉纱_移针_YZ2023-31_1701053254519_y294.jpg,dataset_v3_patches/train/Miss/普通样片_其他_其它_5_7G_样片_包芯纱_浮线_无_FX2023-5_1681092026720_y294_aug2.jpg,0.220239
dataset_v3_patches/test/Move/普通样片_摇床_5G_棉纱_YC2022-5_1668569485446_y000.jpg,dataset_v3_patches/train/Cable/普通样片_9G_包芯纱_绞花_口袋_STG860_JH2023-30_1701078283557_y292_aug1.jpg,0.138347
dataset_v3_patches/test/Move/普通样片_摇床_5G_棉纱_YC2022-5_1668569485446_y073.jpg,dataset_v3_patches/train/Cable/普通样片_9G_包芯纱_绞花_口袋_STG860_JH2023-30_1701078283557_y292_aug1.jpg,0.137846
dataset_v3_patches/test/Move/普通样片_摇床_5G_棉纱_YC2022-5_1668569485446_y146.jpg,dataset_v3_patches/train/Cable/普通样片_9G_包芯纱_绞花_口袋_STG860_JH2023-30_1701078283557_y292_aug1.jpg,0.136835
dataset_v3_patches/test/Move/普通样片_摇床_5G_棉纱_YC2022-5_1668569485446_y219.jpg,dataset_v3_patches/train/Cable/普通样片_9G_包芯纱_绞花_口袋_STG860_JH2023-30_1701078283557_y292_aug1.jpg,0.134309
dataset_v3_patches/test/Move/普通样片_摇床_5G_棉纱_YC2022-5_1668569485446_y292.jpg,dataset_v3_patches/train/Cable/普通样片_9G_包芯纱_绞花_口袋_STG860_JH2023-30_1701078283557_y292_aug1.jpg,0.136233
dataset_v3_patches/test/Move/普通样片_摇床_5G_棉纱_YC2022-5_1668569485446_y294.jpg,dataset_v3_patches/train/Cable/普通样片_9G_包芯纱_绞花_口袋_STG860_JH2023-30_1701078283557_y292_aug1.jpg,0.136225
dataset_v3_patches/test/Move/样片_其它_移针_其他_棉纱_普通样片_5_7G_无_YZ2023-26_1694826770087_y000.jpg,dataset_v3_patches/train/Move/普通样片_5_7G_棉纱_移针_YZ2023-36_1705375184414_y292_aug2.jpg,0.218390
dataset_v3_patches/test/Move/样片_其它_移针_其他_棉纱_普通样片_5_7G_无_YZ2023-26_1694826770087_y073.jpg,dataset_v3_patches/train/Tuck/__DX2023-4_1676444242634_y146.jpg,0.219131
dataset_v3_patches/test/Move/样片_其它_移针_其他_棉纱_普通样片_5_7G_无_YZ2023-26_1694826770087_y146.jpg,dataset_v3_patches/train/Tuck/__DX2023-4_1676444242634_y146.jpg,0.220791
dataset_v3_patches/test/Move/样片_其它_移针_其他_棉纱_普通样片_5_7G_无_YZ2023-26_1694826770087_y219.jpg,dataset_v3_patches/train/Tuck/__DX2023-4_1676444242634_y146.jpg,0.216882
dataset_v3_patches/test/Move/样片_其它_移针_其他_棉纱_普通样片_5_7G_无_YZ2023-26_1694826770087_y292.jpg,dataset_v3_patches/train/Mesh/普通样片_12G_包芯纱_空起_KQ2024-7_1728438688722_y219_aug1.jpg,0.215716
dataset_v3_patches/test/Move/样片_其它_移针_其他_棉纱_普通样片_5_7G_无_YZ2023-26_1694826770087_y294.jpg,dataset_v3_patches/train/Mesh/普通样片_12G_包芯纱_空起_KQ2024-7_1728438688722_y219_aug1.jpg,0.215952
dataset_v3_patches/test/Tuck/7G_普通样片_衬纬_棉纱_CW2023-7_1684718660345_y000.jpg,dataset_v3_patches/train/Move/普通样片_7G_移针_棉纱_YZ2022-20_1671153060582_y294_aug1.jpg,0.251636
dataset_v3_patches/test/Tuck/7G_普通样片_衬纬_棉纱_CW2023-7_1684718660345_y073.jpg,dataset_v3_patches/train/Move/普通样片_7G_移针_棉纱_YZ2022-20_1671153060582_y294_aug1.jpg,0.251622
dataset_v3_patches/test/Tuck/7G_普通样片_衬纬_棉纱_CW2023-7_1684718660345_y146.jpg,dataset_v3_patches/train/Move/普通样片_7G_移针_棉纱_YZ2022-20_1671153060582_y292_aug2.jpg,0.253711
dataset_v3_patches/test/Tuck/7G_普通样片_衬纬_棉纱_CW2023-7_1684718660345_y219.jpg,dataset_v3_patches/train/Move/普通样片_7G_移针_棉纱_YZ2022-20_1671153060582_y294_aug1.jpg,0.253692
dataset_v3_patches/test/Tuck/7G_普通样片_衬纬_棉纱_CW2023-7_1684718660345_y292.jpg,dataset_v3_patches/train/Move/普通样片_7G_移针_棉纱_YZ2022-20_1671153060582_y292_aug2.jpg,0.253260
dataset_v3_patches/test/Tuck/7G_普通样片_衬纬_棉纱_CW2023-7_1684718660345_y294.jpg,dataset_v3_patches/train/Move/普通样片_7G_移针_棉纱_YZ2022-20_1671153060582_y294_aug1.jpg,0.253591
dataset_v3_patches/test/Tuck/__FT2022-9_1654822296348_y000.jpg,dataset_v3_patches/train/Cable/__JH2023-5_1678431985670_y294_aug1.jpg,0.282782
dataset_v3_patches/test/Tuck/__FT2022-9_1654822296348_y073.jpg,dataset_v3_patches/train/Cable/__JH2023-5_1678431985670_y146.jpg,0.289166
dataset_v3_patches/test/Tuck/__FT2022-9_1654822296348_y146.jpg,dataset_v3_patches/train/Cable/__JH2023-5_1678431985670_y000_aug1.jpg,0.291463
dataset_v3_patches/test/Tuck/__FT2022-9_1654822296348_y219.jpg,dataset_v3_patches/train/Cable/__JH2023-5_1678431985670_y146.jpg,0.294809
dataset_v3_patches/test/Tuck/__FT2022-9_1654822296348_y292.jpg,dataset_v3_patches/train/Mesh/__TK2023-1_1676339391201_y073_aug2.jpg,0.299024
dataset_v3_patches/test/Tuck/__FT2022-9_1654822296348_y294.jpg,dataset_v3_patches/train/Mesh/__TK2023-1_1676339391201_y073_aug2.jpg,0.298678
dataset_v3_patches/test/Tuck/__KQ2022-4_1652403062596_y000.jpg,dataset_v3_patches/train/Cable/普通样片_5_7G_棉纱_绞花_JH2023-41_1710404005709_y292_aug2.jpg,0.217720
dataset_v3_patches/test/Tuck/__KQ2022-4_1652403062596_y073.jpg,dataset_v3_patches/train/Cable/普通样片_5_7G_棉纱_绞花_JH2023-41_1710404005709_y292_aug2.jpg,0.214848
dataset_v3_patches/test/Tuck/__KQ2022-4_1652403062596_y146.jpg,dataset_v3_patches/train/Cable/普通样片_5_7G_棉纱_绞花_JH2023-41_1710404005709_y292_aug2.jpg,0.208535
dataset_v3_patches/test/Tuck/__KQ2022-4_1652403062596_y219.jpg,dataset_v3_patches/train/Cable/普通样片_5_7G_棉纱_绞花_JH2023-41_1710404005709_y292_aug2.jpg,0.214891
dataset_v3_patches/test/Tuck/__KQ2022-4_1652403062596_y292.jpg,dataset_v3_patches/train/Cable/普通样片_5_7G_棉纱_绞花_JH2023-41_1710404005709_y292_aug2.jpg,0.216378
dataset_v3_patches/test/Tuck/__KQ2022-4_1652403062596_y294.jpg,dataset_v3_patches/train/Cable/普通样片_5_7G_棉纱_绞花_JH2023-41_1710404005709_y292_aug2.jpg,0.214470
dataset_v3_patches/test/Tuck/__TH2022-4_1652766759962_y000.jpg,dataset_v3_patches/train/Links/普通样片_5_7G_马海毛_衬纬_CW2024-1_1719207328900_y000_aug2.jpg,0.188433
dataset_v3_patches/test/Tuck/__TH2022-4_1652766759962_y073.jpg,dataset_v3_patches/train/Links/普通样片_5_7G_马海毛_衬纬_CW2024-1_1719207328900_y146_aug1.jpg,0.187936
dataset_v3_patches/test/Tuck/__TH2022-4_1652766759962_y146.jpg,dataset_v3_patches/train/Links/普通样片_5_7G_马海毛_衬纬_CW2024-1_1719207328900_y146_aug1.jpg,0.193280
dataset_v3_patches/test/Tuck/__TH2022-4_1652766759962_y219.jpg,dataset_v3_patches/train/Links/普通样片_5_7G_马海毛_衬纬_CW2024-1_1719207328900_y146_aug1.jpg,0.189868
dataset_v3_patches/test/Tuck/__TH2022-4_1652766759962_y292.jpg,dataset_v3_patches/train/Links/普通样片_5_7G_马海毛_衬纬_CW2024-1_1719207328900_y146_aug1.jpg,0.190361
dataset_v3_patches/test/Tuck/__TH2022-4_1652766759962_y294.jpg,dataset_v3_patches/train/Tuck/普通样片_9G_羊毛_吊目_DX2023-39_1705634400649_y294_aug2.jpg,0.193772
dataset_v3_patches/test/Tuck/普通样片_12G_毛圈_包芯纱_MJ2023-8_1693903323919_y000.jpg,dataset_v3_patches/train/Cable/7G_普通样片_包芯纱_绞花_JH2023-18_1691204246017_y219_aug2.jpg,0.236482
dataset_v3_patches/test/Tuck/普通样片_12G_毛圈_包芯纱_MJ2023-8_1693903323919_y073.jpg,dataset_v3_patches/train/Cable/7G_普通样片_包芯纱_绞花_JH2023-18_1691204246017_y219_aug2.jpg,0.233591
dataset_v3_patches/test/Tuck/普通样片_12G_毛圈_包芯纱_MJ2023-8_1693903323919_y146.jpg,dataset_v3_patches/train/Cable/7G_普通样片_包芯纱_绞花_JH2023-18_1691204246017_y219_aug2.jpg,0.201575
dataset_v3_patches/test/Tuck/普通样片_12G_毛圈_包芯纱_MJ2023-8_1693903323919_y219.jpg,dataset_v3_patches/train/Move/普通样片_5_7G_棉纱_移针_YZ2024-2_1712566899199_y219_aug1.jpg,0.159533
dataset_v3_patches/test/Tuck/普通样片_12G_毛圈_包芯纱_MJ2023-8_1693903323919_y292.jpg,dataset_v3_patches/train/Move/普通样片_5_7G_棉纱_移针_YZ2024-2_1712566899199_y219_aug1.jpg,0.152240
dataset_v3_patches/test/Tuck/普通样片_12G_毛圈_包芯纱_MJ2023-8_1693903323919_y294.jpg,dataset_v3_patches/train/Move/普通样片_5_7G_棉纱_移针_YZ2024-2_1712566899199_y219_aug1.jpg,0.149658
dataset_v3_patches/test/Tuck/普通样片_12G_鼓包_凹凸彩纹_包芯纱_GB2023-14_1693806147307_y000.jpg,dataset_v3_patches/train/Tuck/5_7G_凹凸彩纹_沉降片性能_鼓包_样片_包芯纱_GB2023-4_1683603291504_y219_aug2.jpg,0.076634
dataset_v3_patches/test/Tuck/普通样片_12G_鼓包_凹凸彩纹_包芯纱_GB2023-14_1693806147307_y073.jpg,dataset_v3_patches/train/Tuck/5_7G_凹凸彩纹_沉降片性能_鼓包_样片_包芯纱_GB2023-4_1683603291504_y294_aug2.jpg,0.078656
dataset_v3_patches/test/Tuck/普通样片_12G_鼓包_凹凸彩纹_包芯纱_GB2023-14_1693806147307_y146.jpg,dataset_v3_patches/train/Tuck/5_7G_凹凸彩纹_沉降片性能_鼓包_样片_包芯纱_GB2023-4_1683603291504_y073_aug2.jpg,0.077701
dataset_v3_patches/test/Tuck/普通样片_12G_鼓包_凹凸彩纹_包芯纱_GB2023-14_1693806147307_y219.jpg,dataset_v3_patches/train/Tuck/5_7G_凹凸彩纹_沉降片性能_鼓包_样片_包芯纱_GB2023-4_1683603291504_y219_aug2.jpg,0.071667
dataset_v3_patches/test/Tuck/普通样片_12G_鼓包_凹凸彩纹_包芯纱_GB2023-14_1693806147307_y292.jpg,dataset_v3_patches/train/Tuck/5_7G_凹凸彩纹_沉降片性能_鼓包_样片_包芯纱_GB2023-4_1683603291504_y219_aug2.jpg,0.065151
dataset_v3_patches/test/Tuck/普通样片_12G_鼓包_凹凸彩纹_包芯纱_GB2023-14_1693806147307_y294.jpg,dataset_v3_patches/train/Tuck/5_7G_凹凸彩纹_沉降片性能_鼓包_样片_包芯纱_GB2023-4_1683603291504_y219_aug2.jpg,0.065037
dataset_v3_patches/test/Tuck/普通样片_5_7G_包芯纱_局编_沉降片性能_JB2020-1_1615438312647_y000.jpg,dataset_v3_patches/train/Mesh/镂空_普通样片_14G_镂空_双曲线_LK2023-14_1684464630761_y000_aug1.jpg,0.190325
dataset_v3_patches/test/Tuck/普通样片_5_7G_包芯纱_局编_沉降片性能_JB2020-1_1615438312647_y073.jpg,dataset_v3_patches/train/Mesh/镂空_普通样片_14G_镂空_双曲线_LK2023-14_1684464630761_y000_aug1.jpg,0.191472
dataset_v3_patches/test/Tuck/普通样片_5_7G_包芯纱_局编_沉降片性能_JB2020-1_1615438312647_y146.jpg,dataset_v3_patches/train/Mesh/镂空_普通样片_14G_镂空_双曲线_LK2023-14_1684464630761_y000_aug1.jpg,0.189808
dataset_v3_patches/test/Tuck/普通样片_5_7G_包芯纱_局编_沉降片性能_JB2020-1_1615438312647_y219.jpg,dataset_v3_patches/train/Mesh/镂空_普通样片_14G_镂空_双曲线_LK2023-14_1684464630761_y000_aug1.jpg,0.191960
dataset_v3_patches/test/Tuck/普通样片_5_7G_包芯纱_局编_沉降片性能_JB2020-1_1615438312647_y292.jpg,dataset_v3_patches/train/Mesh/镂空_普通样片_14G_镂空_双曲线_LK2023-14_1684464630761_y000_aug1.jpg,0.196729
dataset_v3_patches/test/Tuck/普通样片_5_7G_包芯纱_局编_沉降片性能_JB2020-1_1615438312647_y294.jpg,dataset_v3_patches/train/Mesh/镂空_普通样片_14G_镂空_双曲线_LK2023-14_1684464630761_y000_aug1.jpg,0.195730
dataset_v3_patches/test/Tuck/普通样片_5_7G_衬纬_棉纱_CW2023-10_1686281493730_y000.jpg,dataset_v3_patches/train/Mesh/普通样片_14G_棉纱_空起_KQ2024-2_1718151649507_y073_aug2.jpg,0.229629
dataset_v3_patches/test/Tuck/普通样片_5_7G_衬纬_棉纱_CW2023-10_1686281493730_y073.jpg,dataset_v3_patches/train/Mesh/普通样片_14G_棉纱_空起_KQ2024-2_1718151649507_y073_aug2.jpg,0.222535
dataset_v3_patches/test/Tuck/普通样片_5_7G_衬纬_棉纱_CW2023-10_1686281493730_y146.jpg,dataset_v3_patches/train/Move/普通样片_7G_棉纱_移针_YZ2024-1_1712732687197_y219_aug2.jpg,0.212177
dataset_v3_patches/test/Tuck/普通样片_5_7G_衬纬_棉纱_CW2023-10_1686281493730_y219.jpg,dataset_v3_patches/train/Move/普通样片_7G_棉纱_移针_YZ2024-1_1712732687197_y146_aug1.jpg,0.210332
dataset_v3_patches/test/Tuck/普通样片_5_7G_衬纬_棉纱_CW2023-10_1686281493730_y292.jpg,dataset_v3_patches/train/Move/普通样片_7G_棉纱_移针_YZ2024-1_1712732687197_y146_aug1.jpg,0.216946
dataset_v3_patches/test/Tuck/普通样片_5_7G_衬纬_棉纱_CW2023-10_1686281493730_y294.jpg,dataset_v3_patches/train/Move/普通样片_7G_棉纱_移针_YZ2024-1_1712732687197_y146_aug1.jpg,0.217472
dataset_v3_patches/test/Tuck/普通样片_5_7G_马海毛_毛圈_MJ2024-2_1718152288159_y000.jpg,dataset_v3_patches/train/Links/__TH2022-8_1658280057202_y000.jpg,0.120023
dataset_v3_patches/test/Tuck/普通样片_5_7G_马海毛_毛圈_MJ2024-2_1718152288159_y073.jpg,dataset_v3_patches/train/Links/__TH2022-8_1658280057202_y000.jpg,0.119188
dataset_v3_patches/test/Tuck/普通样片_5_7G_马海毛_毛圈_MJ2024-2_1718152288159_y146.jpg,dataset_v3_patches/train/Links/__TH2022-8_1658280057202_y000.jpg,0.118446
dataset_v3_patches/test/Tuck/普通样片_5_7G_马海毛_毛圈_MJ2024-2_1718152288159_y219.jpg,dataset_v3_patches/train/Links/__TH2022-8_1658280057202_y000.jpg,0.113497
dataset_v3_patches/test/Tuck/普通样片_5_7G_马海毛_毛圈_MJ2024-2_1718152288159_y292.jpg,dataset_v3_patches/train/Links/__TH2022-8_1658280057202_y146_aug2.jpg,0.115778
dataset_v3_patches/test/Tuck/普通样片_5_7G_马海毛_毛圈_MJ2024-2_1718152288159_y294.jpg,dataset_v3_patches/train/Links/__TH2022-8_1658280057202_y073.jpg,0.114739
